Fruitfly|abd-A|Hox6-8|ANTP	TRINITY_DN13904_c0_g1_i1	3e-37	100.00	 135	1	60	60	4344	4165	5139
Beetle|abd-A|Hox6-8|ANTP	TRINITY_DN13904_c0_g1_i1	3e-37	100.00	 135	1	60	60	4344	4165	5139
Honeybee|Abd-A|Hox6-8|ANTP	TRINITY_DN13904_c0_g1_i1	1e-36	98.33	 133	1	60	60	4344	4165	5139
Fruitfly|Abd-B|Hox9-13(15)|ANTP	TRINITY_DN10220_c0_g4_i1	9e-18	61.40	73.9	2	58	60	62	232	338
Beetle|Abd-B|Hox9-13(15)|ANTP	TRINITY_DN13904_c0_g1_i1	6e-18	64.91	79.3	2	58	60	4341	4171	5139
Honeybee|Abd-B|Hox9-13(15)|ANTP	TRINITY_DN13904_c0_g1_i1	6e-18	64.91	79.3	2	58	60	4341	4171	5139
Beetle|Abox|Abox|ANTP	TRINITY_DN33472_c0_g1_i1	9e-16	59.26	70.5	5	58	60	625	464	840
Honeybee|Abox|Abox|ANTP	TRINITY_DN33472_c0_g1_i1	3e-16	61.11	71.6	5	58	60	625	464	840
Fruitfly|achi|Tgif|TALE	TRINITY_DN2481_c0_g2_i3	2e-34	92.06	 124	1	63	63	743	931	1568
Fruitfly|acj6|Pou4|POU	TRINITY_DN4650_c0_g2_i1	6e-15	57.89	69.7	3	59	60	926	1096	1506
Beetle|Acj6|Pou4|POU	TRINITY_DN4650_c0_g2_i1	8e-15	54.24	69.3	1	59	60	920	1096	1506
Honeybee|Acj6|Pou4|POU	TRINITY_DN4650_c0_g2_i1	8e-15	54.24	69.3	1	59	60	920	1096	1506
Fruitfly|al|Arx|PRD	TRINITY_DN22032_c0_g1_i1	4e-38	100.00	 127	1	60	60	246	67	493
Beetle|Al|Arx|PRD	TRINITY_DN22032_c0_g1_i1	1e-37	98.33	 126	1	60	60	246	67	493
Honeybee|Al|Arx|PRD	TRINITY_DN22032_c0_g1_i1	4e-38	100.00	 127	1	60	60	246	67	493
Fruitfly|Antp|Hox6-8|ANTP	TRINITY_DN10108_c0_g1_i3	9e-34	100.00	 124	1	60	60	972	1151	4100
Honeybee|Antp|Hox6-8|ANTP	TRINITY_DN10108_c0_g1_i3	1e-32	98.33	 121	1	60	60	972	1151	4100
Fruitfly|ap|Lhx2/9|LIM	TRINITY_DN18740_c0_g1_i1	5e-35	98.33	 127	1	60	60	941	1120	2878
Beetle|Ap1|Lhx2/9|LIM	TRINITY_DN18740_c0_g1_i1	5e-35	98.33	 127	1	60	60	941	1120	2878
Honeybee|Ap1|Lhx2/9|LIM	TRINITY_DN18740_c0_g1_i1	1e-35	100.00	 129	1	60	60	941	1120	2878
Beetle|Ap2|Lhx2/9|LIM	TRINITY_DN18740_c0_g1_i1	3e-32	90.00	 120	1	60	60	941	1120	2878
Honeybee|Ap2|Lhx2/9|LIM	TRINITY_DN18740_c0_g1_i1	1e-31	93.10	 118	1	58	60	941	1114	2878
Fruitfly|ara|Irx|TALE	TRINITY_DN6933_c0_g3_i1	9e-38	100.00	 131	1	63	63	201	13	996
Beetle|Ara|Irx|TALE	TRINITY_DN6933_c0_g3_i1	9e-38	100.00	 131	1	63	63	201	13	996
Honeybee|Ara|Irx|TALE	TRINITY_DN6933_c0_g3_i1	9e-38	100.00	 131	1	63	63	201	13	996
Fruitfly|Awh|Lhx6/8|LIM	TRINITY_DN18740_c0_g1_i1	6e-16	48.33	73.6	1	60	60	941	1120	2878
Beetle|Awh|Lhx6/8|LIM	TRINITY_DN18740_c0_g1_i1	2e-15	49.12	72.0	2	58	60	944	1114	2878
Honeybee|Awh1|Lhx6/8|LIM	TRINITY_DN18740_c0_g1_i1	1e-14	47.37	69.7	2	58	60	944	1114	2878
Honeybee|Awh2|Lhx6/8|LIM	TRINITY_DN18740_c0_g1_i1	3e-15	48.28	71.2	1	58	60	941	1114	2878
Beetle|B-H|Barhl|ANTP	TRINITY_DN22549_c0_g1_i1	5e-14	52.83	65.5	4	56	60	676	518	849
Honeybee|B-H|Barhl|ANTP	TRINITY_DN33472_c0_g1_i1	4e-17	56.90	73.9	2	59	60	634	461	840
Fruitfly|B-H1|Barhl|ANTP	TRINITY_DN33472_c0_g1_i1	2e-16	53.45	71.6	2	59	60	634	461	840
Fruitfly|B-H2|Barhl|ANTP	TRINITY_DN29552_c0_g1_i1	1e-16	62.07	72.4	1	58	60	198	25	875
Fruitfly|bap|Nk3|ANTP	TRINITY_DN3638_c0_g1_i1	1e-19	68.97	84.0	1	58	60	837	1010	2449
Beetle|Bap|Nk3|ANTP	TRINITY_DN3638_c0_g1_i2	1e-18	65.52	81.6	1	58	60	1710	1883	3322
Honeybee|Bap|Nk3|ANTP	TRINITY_DN3638_c0_g1_i1	1e-18	67.24	80.9	1	58	60	837	1010	2449
Beetle|Bari|Bari|ANTP	TRINITY_DN29552_c0_g1_i1	5e-15	57.89	68.2	2	58	60	195	25	875
Honeybee|Bari|Bari|ANTP	TRINITY_DN29552_c0_g1_i1	5e-15	57.89	68.6	2	58	60	195	25	875
Fruitfly|bcd|Hox3|ANTP	TRINITY_DN2530_c0_g1_i2	1e-12	51.79	63.9	2	57	60	903	1070	2311
Beetle|Beetlebox1|Beetlebox|Other	TRINITY_DN33472_c0_g1_i1	6e-11	49.12	57.4	3	59	60	631	461	840
Beetle|Beetlebox2|Beetlebox|Other	TRINITY_DN10220_c0_g4_i1	1e-09	44.83	52.0	3	60	60	65	238	338
Fruitfly|bsh|Bsx|ANTP	TRINITY_DN22549_c0_g1_i1	7e-15	57.69	67.8	4	55	60	676	521	849
Beetle|Bsh|Bsx|ANTP	TRINITY_DN14921_c0_g2_i1	3e-15	55.17	70.9	2	59	60	1956	1783	1990
Honeybee|Bsh|Bsx|ANTP	TRINITY_DN22549_c0_g1_i1	3e-15	57.69	68.9	4	55	60	676	521	849
Fruitfly|btn|Meox|ANTP	TRINITY_DN14921_c0_g2_i1	3e-18	66.67	79.7	2	58	60	1956	1786	1990
Beetle|Btn|Meox|ANTP	TRINITY_DN14921_c0_g2_i1	5e-18	66.67	79.0	2	58	60	1956	1786	1990
Honeybee|Btn|Meox|ANTP	TRINITY_DN14921_c0_g2_i1	2e-18	67.24	80.1	1	58	60	1959	1786	1990
Fruitfly|C15|Tlx|ANTP	TRINITY_DN14014_c1_g2_i1	4e-16	59.32	73.9	1	59	60	459	635	3953
Beetle|C15|Tlx|ANTP	TRINITY_DN14014_c1_g2_i1	4e-17	62.71	77.0	1	59	60	459	635	3953
Honeybee|C15|Tlx|ANTP	TRINITY_DN14014_c1_g2_i1	4e-17	62.71	77.0	1	59	60	459	635	3953
Fruitfly|cad|Cdx|ANTP	TRINITY_DN1326_c0_g1_i1	8e-23	84.75	93.2	1	59	60	2070	1894	2618
Honeybee|Cad|Cdx|ANTP	TRINITY_DN1326_c0_g1_i1	5e-24	93.33	96.3	1	60	60	2070	1891	2618
Beetle|Cad1|Cdx|ANTP	TRINITY_DN1326_c0_g1_i1	1e-22	80.00	92.8	1	60	61	2070	1894	2618
Beetle|Cad2|Cdx|ANTP	TRINITY_DN1326_c0_g1_i2	2e-31	93.33	 117	1	60	60	2070	1891	2525
Fruitfly|caup|Irx|TALE	TRINITY_DN6933_c0_g3_i1	2e-36	98.41	 127	1	63	63	201	13	996
Fruitfly|CG11085|Bari|ANTP	TRINITY_DN29552_c0_g1_i1	4e-15	57.89	68.6	2	58	60	195	25	875
Fruitfly|CG11294|CG11294|PRD	TRINITY_DN8757_c0_g1_i1	1e-26	79.31	 100	1	58	60	52	225	955
Beetle|CG11294|CG11294|PRD	TRINITY_DN8757_c0_g1_i1	4e-26	77.59	99.4	1	58	60	52	225	955
Honeybee|CG11294|CG11294|PRD	TRINITY_DN8757_c0_g1_i1	8e-27	79.31	 101	1	58	60	52	225	955
Fruitfly|CG11617|Mkx|TALE	TRINITY_DN10080_c0_g1_i2	8e-29	83.33	 108	2	61	63	585	764	1685
Fruitfly|CG12361|Dbx|ANTP	TRINITY_DN22549_c0_g1_i1	1e-23	75.00	92.4	5	60	60	673	506	849
Fruitfly|CG13424|Nedx|ANTP	TRINITY_DN33472_c0_g1_i1	1e-24	79.66	95.1	2	60	60	634	458	840
Fruitfly|CG15696|Msxlx|ANTP	TRINITY_DN6705_c0_g2_i1	1e-13	54.39	65.9	2	58	60	209	379	1356
Fruitfly|CG18599|Noto|ANTP	TRINITY_DN5082_c0_g6_i1	2e-22	87.23	86.3	1	47	60	385	245	425
Fruitfly|CG32105|Lmx|LIM	TRINITY_DN12884_c0_g1_i1	2e-09	43.10	54.3	1	58	60	753	580	1765
Fruitfly|CG32532|Prop|PRD	TRINITY_DN22032_c0_g1_i1	9e-19	70.00	77.4	1	60	60	246	67	493
Fruitfly|CG34031|Abox|ANTP	TRINITY_DN33472_c0_g1_i1	7e-15	52.54	67.8	1	59	60	637	461	840
Fruitfly|CG34340|Drgx|PRD	TRINITY_DN8757_c0_g1_i1	3e-34	98.33	 121	1	60	60	52	231	955
Fruitfly|CG34367|Shox|PRD	TRINITY_DN24613_c0_g1_i1	5e-23	74.58	87.0	2	60	60	236	60	294
Fruitfly|CG4328|Lmx|LIM	TRINITY_DN12884_c0_g1_i1	9e-11	43.10	58.2	1	58	60	753	580	1765
Fruitfly|CG7056|Hhex|ANTP	TRINITY_DN10598_c0_g1_i1	8e-24	74.58	92.8	1	59	60	714	890	1018
Fruitfly|CG9876|Prrx|PRD	TRINITY_DN22032_c0_g1_i1	1e-23	71.19	90.5	2	60	60	243	67	493
Fruitfly|ct|Cux|CUT	TRINITY_DN3168_c0_g1_i8	8e-31	91.53	 116	2	60	60	2411	2587	4558
Beetle|Ct|Cux|CUT	TRINITY_DN3168_c0_g1_i8	2e-31	91.53	 118	2	60	60	2411	2587	4558
Honeybee|Ct|Cux|CUT	TRINITY_DN3168_c0_g1_i8	2e-30	91.38	 115	2	59	60	2411	2584	4558
Beetle|Cx|Hox5|ANTP	TRINITY_DN10108_c0_g1_i3	4e-29	93.22	 111	2	60	60	975	1151	4100
Beetle|Dbx|Dbx|ANTP	TRINITY_DN22549_c0_g1_i1	2e-26	80.36	99.8	5	60	60	673	506	849
Honeybee|Dbx|Dbx|ANTP	TRINITY_DN22549_c0_g1_i1	2e-25	76.79	97.4	5	60	60	673	506	849
Fruitfly|Dfd|Hox4|ANTP	TRINITY_DN10108_c0_g1_i3	1e-24	83.05	99.0	2	60	60	975	1151	4100
Beetle|Dfd|Hox4|ANTP	TRINITY_DN10108_c0_g1_i3	1e-24	83.05	99.0	2	60	60	975	1151	4100
Honeybee|Dfd|Hox4|ANTP	TRINITY_DN10108_c0_g1_i3	1e-24	83.05	99.0	2	60	60	975	1151	4100
Fruitfly|Dll|Dlx|ANTP	TRINITY_DN6705_c0_g2_i1	5e-12	56.90	61.6	2	59	60	209	382	1356
Beetle|Dll|Dlx|ANTP	TRINITY_DN6705_c0_g2_i1	5e-12	56.90	61.6	2	59	60	209	382	1356
Honeybee|Dll|Dlx|ANTP	TRINITY_DN6705_c0_g2_i1	5e-12	56.90	61.6	2	59	60	209	382	1356
Fruitfly|Dr|Msx|ANTP	TRINITY_DN6705_c0_g2_i1	4e-28	86.67	 105	1	60	60	206	385	1356
Beetle|Dr1|Msx|ANTP	TRINITY_DN6705_c0_g2_i1	3e-28	86.67	 106	1	60	60	206	385	1356
Honeybee|Dr1|Msx|ANTP	TRINITY_DN6705_c0_g2_i1	1e-27	85.00	 104	1	60	60	206	385	1356
Beetle|Dr2|Msx|ANTP	TRINITY_DN6705_c0_g2_i1	3e-28	86.67	 106	1	60	60	206	385	1356
Honeybee|Dr2|Msx|ANTP	TRINITY_DN6705_c0_g2_i1	4e-28	85.00	 105	1	60	60	206	385	1356
Beetle|Drgx|Drgx|PRD	TRINITY_DN8757_c0_g1_i1	3e-32	96.67	 115	1	60	60	52	231	955
Honeybee|Drgx|Drgx|PRD	TRINITY_DN8757_c0_g1_i1	1e-35	95.00	 125	1	60	60	52	231	955
Fruitfly|dve|HD1|Cmp|CUT	TRINITY_DN1652_c0_g1_i1	9e-36	87.14	 130	1	70	70	2516	2307	3554
Fruitfly|dve|HD2|Cmp|CUT	TRINITY_DN1652_c0_g1_i1	6e-40	92.86	 142	1	70	70	1568	1359	3554
Beetle|Dve|HD1|Cmp|CUT	TRINITY_DN1652_c0_g1_i1	6e-41	95.77	 145	1	71	71	2519	2307	3554
Beetle|Dve|HD2|Cmp|CUT	TRINITY_DN1652_c0_g1_i1	2e-39	92.96	 141	1	71	71	1571	1359	3554
Honeybee|Dve|HD1|Cmp|CUT	TRINITY_DN1652_c0_g1_i1	1e-38	92.96	 139	1	71	71	2519	2307	3554
Honeybee|Dve|HD2|Cmp|CUT	TRINITY_DN1652_c0_g1_i1	3e-36	90.14	 132	1	71	71	1571	1359	3554
Fruitfly|E5|Emx|ANTP	TRINITY_DN33472_c0_g1_i1	2e-15	61.40	68.9	2	58	60	634	464	840
Fruitfly|ems|Emx|ANTP	TRINITY_DN33472_c0_g1_i1	2e-14	59.65	67.0	2	58	60	634	464	840
Beetle|Ems|Emx|ANTP	TRINITY_DN33472_c0_g1_i1	4e-16	63.16	71.2	2	58	60	634	464	840
Honeybee|Ems|Emx|ANTP	TRINITY_DN33472_c0_g1_i1	6e-16	63.16	70.9	2	58	60	634	464	840
Fruitfly|en|En|ANTP	TRINITY_DN2530_c0_g1_i1	7e-14	57.89	67.0	2	58	60	632	802	2040
Beetle|En|En|ANTP	TRINITY_DN2530_c0_g1_i1	5e-14	57.89	67.4	2	58	60	632	802	2040
Honeybee|En|En|ANTP	TRINITY_DN2530_c0_g1_i2	2e-13	56.14	65.9	2	58	60	903	1073	2311
Fruitfly|eve|Evx|ANTP	TRINITY_DN14921_c0_g2_i1	3e-16	63.79	73.9	2	59	60	1956	1783	1990
Beetle|Eve|Evx|ANTP	TRINITY_DN14921_c0_g2_i1	1e-16	65.52	75.1	2	59	60	1956	1783	1990
Honeybee|Eve|Evx|ANTP	TRINITY_DN14921_c0_g2_i1	1e-16	65.52	75.1	2	59	60	1956	1783	1990
Fruitfly|exd|Pbx|TALE	TRINITY_DN178_c0_g1_i5	2e-38	100.00	 134	1	63	63	238	50	1203
Beetle|Exd|Pbx|TALE	TRINITY_DN178_c0_g1_i5	2e-38	100.00	 134	1	63	63	238	50	1203
Honeybee|Exd|Pbx|TALE	TRINITY_DN178_c0_g1_i5	2e-38	100.00	 134	1	63	63	238	50	1203
Fruitfly|exex|Mnx|ANTP	TRINITY_DN2530_c0_g1_i2	9e-14	65.52	67.0	1	58	60	900	1073	2311
Beetle|Exex|Mnx|ANTP	TRINITY_DN2530_c0_g1_i2	8e-20	63.79	84.3	1	58	60	900	1073	2311
Honeybee|Exex|Mnx|ANTP	TRINITY_DN2530_c0_g1_i2	8e-20	63.79	84.3	1	58	60	900	1073	2311
Fruitfly|ey|Pax4/6|PRD	TRINITY_DN30341_c0_g1_i1	1e-25	97.83	93.6	15	60	60	3	140	270
Beetle|Ey|Pax4/6|PRD	TRINITY_DN30341_c0_g1_i1	7e-26	97.83	94.0	15	60	60	3	140	270
Honeybee|Ey|Pax4/6|PRD	TRINITY_DN30341_c0_g1_i1	4e-25	95.65	92.4	15	60	60	3	140	270
Fruitfly|eyg|Pax4/6|PRD	TRINITY_DN24613_c0_g1_i1	2e-13	68.42	62.0	2	58	60	236	66	294
Beetle|Eyg|Pax4/6|PRD	TRINITY_DN22032_c0_g1_i1	3e-20	66.10	81.6	2	60	60	243	67	493
Honeybee|Eyg|Pax4/6|PRD	TRINITY_DN22032_c0_g1_i1	2e-14	67.80	65.5	2	60	60	243	67	493
Fruitfly|ftz|Hox6-8|ANTP	TRINITY_DN10108_c0_g1_i3	9e-21	84.78	87.4	14	59	60	1011	1148	4100
Beetle|ftz|Hox6-8|ANTP	TRINITY_DN10108_c0_g1_i3	2e-20	86.96	86.3	14	59	60	1011	1148	4100
Honeybee|Ftz|Hox6-8|ANTP	TRINITY_DN10108_c0_g1_i3	1e-18	85.11	80.9	14	60	60	1011	1151	4100
Fruitfly|gsb|Pax3/7|PRD	TRINITY_DN14497_c0_g1_i1	3e-28	84.75	 105	1	59	60	235	411	1341
Beetle|Gsb|Pax3/7|PRD	TRINITY_DN14497_c0_g1_i1	1e-27	89.83	 104	1	59	60	235	411	1341
Honeybee|Gsb|Pax3/7|PRD	TRINITY_DN14497_c0_g1_i1	2e-29	88.14	 109	1	59	60	235	411	1341
Fruitfly|gsb-n|Pax3/7|PRD	TRINITY_DN14497_c0_g1_i1	7e-29	89.66	 107	1	58	60	235	408	1341
Beetle|Gsbn|Pax3/7|PRD	TRINITY_DN14497_c0_g1_i1	2e-30	93.10	 112	1	58	60	235	408	1341
Honeybee|Gsbn|Pax3/7|PRD	TRINITY_DN14497_c0_g1_i1	3e-27	86.21	 103	1	58	60	235	408	1341
Fruitfly|Gsc|Gsc|PRD	TRINITY_DN22032_c0_g1_i1	1e-22	64.41	87.8	1	59	60	246	70	493
Beetle|Gsc|Gsc|PRD	TRINITY_DN22032_c0_g1_i1	7e-22	62.71	85.9	1	59	60	246	70	493
Honeybee|Gsc|Gsc|PRD	TRINITY_DN22032_c0_g1_i1	2e-22	64.41	87.0	1	59	60	246	70	493
Fruitfly|H2.0|Hlx|ANTP	TRINITY_DN22549_c0_g1_i1	4e-30	88.33	 109	1	60	60	685	506	849
Beetle|H2.0|Hlx|ANTP	TRINITY_DN22549_c0_g1_i1	6e-35	96.67	 122	1	60	60	685	506	849
Honeybee|H2.0|Hlx|ANTP	TRINITY_DN22549_c0_g1_i1	8e-34	95.00	 119	1	60	60	685	506	849
Fruitfly|hbn|Hbn|PRD	TRINITY_DN24613_c0_g1_i1	8e-35	93.33	 117	1	60	60	239	60	294
Beetle|Hbn|Hbn|PRD	TRINITY_DN24613_c0_g1_i1	7e-36	95.00	 120	1	60	60	239	60	294
Honeybee|Hbn|Hbn|PRD	TRINITY_DN24613_c0_g1_i1	9e-35	93.33	 117	1	60	60	239	60	294
Beetle|Hex|Hhex|ANTP	TRINITY_DN10598_c0_g1_i1	2e-24	75.86	94.7	1	58	60	714	887	1018
Fruitfly|HGTX|Nk6|ANTP	TRINITY_DN14014_c1_g2_i2	6e-16	59.32	73.6	1	59	60	937	1113	4431
Beetle|Hgtx|Nk6|ANTP	TRINITY_DN14014_c1_g2_i2	2e-16	62.71	75.1	1	59	60	937	1113	4431
Honeybee|Hgtx|Nk6|ANTP	TRINITY_DN14014_c1_g2_i1	5e-18	60.00	79.3	1	60	60	459	638	3953
Fruitfly|Hmx|Nk5/Hmx|ANTP	TRINITY_DN14014_c1_g2_i2	3e-18	61.02	80.1	1	59	60	937	1113	4431
Beetle|Hmx|Nk5/Hmx|ANTP	TRINITY_DN14014_c1_g2_i1	1e-18	61.02	81.6	1	59	60	459	635	3953
Fruitfly|hth|Meis|TALE	TRINITY_DN1130_c0_g1_i5	8e-38	100.00	 136	1	63	63	2449	2261	3623
Beetle|Hth|Meis|TALE	TRINITY_DN1130_c0_g1_i5	8e-38	100.00	 136	1	63	63	2449	2261	3623
Honeybee|Hth|Meis|TALE	TRINITY_DN1130_c0_g1_i5	8e-38	100.00	 136	1	63	63	2449	2261	3623
Fruitfly|ind|Gsx|ANTP	TRINITY_DN2530_c0_g1_i2	3e-20	68.97	85.5	1	58	60	900	1073	2311
Beetle|Ind|Gsx|ANTP	TRINITY_DN2530_c0_g1_i2	6e-21	66.67	87.4	1	60	60	900	1079	2311
Honeybee|Ind|Gsx|ANTP	TRINITY_DN2530_c0_g1_i2	3e-20	66.67	85.5	1	60	60	900	1079	2311
Fruitfly|inv|En|ANTP	TRINITY_DN2530_c0_g1_i1	5e-14	56.14	67.8	2	58	60	632	802	2040
Beetle|Inv|En|ANTP	TRINITY_DN2530_c0_g1_i2	1e-13	56.14	66.6	2	58	60	903	1073	2311
Honeybee|Inv|En|ANTP	TRINITY_DN2530_c0_g1_i2	3e-13	56.14	65.5	2	58	60	903	1073	2311
Fruitfly|lab|Hox1|ANTP	TRINITY_DN6084_c0_g2_i1	7e-31	91.38	 115	3	60	60	1613	1440	1890
Beetle|lab|Hox1|ANTP	TRINITY_DN6084_c0_g2_i1	1e-33	98.31	 122	2	60	60	1616	1440	1890
Honeybee|Lab|Hox1|ANTP	TRINITY_DN6084_c0_g2_i1	3e-34	98.33	 124	1	60	60	1619	1440	1890
Fruitfly|Lag1|Cers|CERS	TRINITY_DN6643_c0_g1_i6	1e-07	53.33	48.5	1	60	60	339	518	1643
Honeybee|Lag1|Cers|CERS	TRINITY_DN6643_c0_g1_i6	2e-19	70.00	82.4	1	59	59	339	518	1643
Beetle|Lag1a|Cers|CERS	TRINITY_DN6643_c0_g1_i6	3e-13	66.67	65.1	16	60	60	384	518	1643
Beetle|Lag1b|Cers|CERS	TRINITY_DN6643_c0_g1_i6	3e-13	45.76	65.1	1	59	60	339	515	1643
Fruitfly|lbe|Lbx|ANTP	TRINITY_DN29552_c0_g1_i1	6e-34	95.00	 120	1	60	60	198	19	875
Fruitfly|lbl|Lbx|ANTP	TRINITY_DN29552_c0_g1_i1	9e-34	95.00	 119	1	60	60	198	19	875
Beetle|Lbx|Lbx|ANTP	TRINITY_DN29552_c0_g1_i1	3e-36	98.33	 125	1	60	60	198	19	875
Honeybee|Lbx|Lbx|ANTP	TRINITY_DN29552_c0_g1_i1	5e-34	95.00	 120	1	60	60	198	19	875
Fruitfly|Lim1|Lhx1/5|LIM	TRINITY_DN12884_c0_g1_i1	2e-11	48.15	60.1	5	58	60	741	580	1765
Beetle|Lim1|Lhx1/5|LIM	TRINITY_DN12884_c0_g1_i1	1e-11	48.15	60.8	5	58	60	741	580	1765
Honeybee|Lim1|Lhx1/5|LIM	TRINITY_DN12884_c0_g1_i1	2e-11	46.30	60.5	5	58	60	741	580	1765
Fruitfly|Lim3|Lhx3/4|LIM	TRINITY_DN12884_c0_g1_i1	3e-12	50.00	62.4	3	58	60	747	580	1765
Beetle|Lim3|Lhx3/4|LIM	TRINITY_DN12884_c0_g1_i1	1e-11	48.21	60.5	3	58	60	747	580	1765
Honeybee|Lim3|Lhx3/4|LIM	TRINITY_DN12884_c0_g1_i1	9e-12	48.21	60.8	3	58	60	747	580	1765
Beetle|Lmxa|Lmx|LIM	TRINITY_DN12884_c0_g1_i1	1e-09	41.38	55.1	1	58	60	753	580	1765
Beetle|Lmxb|Lmx|LIM	TRINITY_DN12884_c0_g1_i1	8e-10	43.10	55.5	1	58	60	753	580	1765
Honeybee|Lmxb|Lmx|LIM	TRINITY_DN12884_c0_g1_i1	1e-09	43.10	54.7	1	58	60	753	580	1765
Fruitfly|mirr|Irx|TALE	TRINITY_DN6933_c1_g1_i2	1e-36	100.00	 132	1	63	63	2786	2598	3114
Beetle|Mirr|Irx|TALE	TRINITY_DN6933_c1_g1_i2	1e-36	100.00	 132	1	63	63	2786	2598	3114
Honeybee|Mirr|Irx|TALE	TRINITY_DN6933_c1_g1_i2	5e-36	98.41	 130	1	63	63	2786	2598	3114
Beetle|Mkx|Mkx|TALE	TRINITY_DN10080_c0_g1_i2	6e-31	83.87	 114	1	62	63	582	767	1685
Beetle|Msxlx|Msxlx|ANTP	TRINITY_DN6705_c0_g2_i1	2e-08	52.00	51.2	2	51	60	209	358	1356
Honeybee|Msxlx-l|unassigned|Other	TRINITY_DN6705_c0_g2_i1	3e-09	47.27	53.1	2	56	56	215	379	1356
Beetle|mxp|Hox2|ANTP	TRINITY_DN14921_c0_g2_i1	3e-35	100.00	 127	1	60	60	1959	1780	1990
Beetle|Nedx|Nedx|ANTP	TRINITY_DN33472_c0_g1_i1	1e-25	79.66	97.8	2	60	60	634	458	840
Honeybee|Nedx|Nedx|ANTP	TRINITY_DN33472_c0_g1_i1	1e-24	77.97	94.7	2	60	60	634	458	840
Beetle|NK7|Nk7|ANTP	TRINITY_DN14014_c1_g2_i2	2e-29	88.33	 112	1	60	60	937	1116	4431
Fruitfly|NK7.1|Nk7|ANTP	TRINITY_DN14014_c1_g2_i2	3e-28	85.00	 108	1	60	60	937	1116	4431
Beetle|Not|Noto|ANTP	TRINITY_DN5082_c0_g6_i1	2e-24	93.62	92.0	1	47	60	385	245	425
Honeybee|Not|Noto|ANTP	TRINITY_DN5082_c0_g6_i1	6e-21	86.96	82.8	2	47	60	382	245	425
Fruitfly|nub|Pou2|POU	TRINITY_DN4650_c0_g5_i1	6e-26	83.33	 100	1	60	60	1078	1257	1664
Beetle|Nub|Pou2|POU	TRINITY_DN4650_c0_g5_i1	2e-30	88.33	 113	1	60	60	1078	1257	1664
Honeybee|Nub|Pou2|POU	TRINITY_DN4650_c0_g5_i1	9e-29	86.67	 108	1	60	60	1078	1257	1664
Fruitfly|oc|Otx|PRD	TRINITY_DN3914_c2_g1_i1	1e-36	100.00	 133	1	60	60	3772	3593	4702
Beetle|Oc1|Otx|PRD	TRINITY_DN3914_c2_g1_i1	5e-32	92.98	 119	1	57	60	3772	3602	4702
Honeybee|Oc1|Otx|PRD	TRINITY_DN3914_c2_g1_i1	3e-32	96.49	 120	1	57	60	3772	3602	4702
Beetle|Oc2|Otx|PRD	TRINITY_DN3914_c2_g1_i1	4e-36	100.00	 131	1	59	60	3772	3596	4702
Honeybee|Oc2|Otx|PRD	TRINITY_DN3914_c2_g1_i1	5e-31	92.98	 117	1	57	60	3772	3602	4702
Fruitfly|OdsH|Uncx|PRD	TRINITY_DN19399_c0_g1_i1	9e-28	78.33	 107	1	60	60	2892	2713	3399
Fruitfly|Optix|Six3/6|SINE	TRINITY_DN5588_c0_g1_i2	3e-22	66.10	91.3	1	59	60	1555	1379	3011
Beetle|Optix|Six3/6|SINE	TRINITY_DN5588_c0_g1_i2	6e-23	67.80	93.6	1	59	60	1555	1379	3011
Honeybee|Optix|Six3/6|SINE	TRINITY_DN5588_c0_g1_i2	2e-22	67.80	92.0	1	59	60	1555	1379	3011
Fruitfly|otp|Otp|PRD	TRINITY_DN22032_c0_g1_i1	1e-26	70.00	98.2	1	60	60	246	67	493
Beetle|Otp|Otp|PRD	TRINITY_DN22032_c0_g1_i1	1e-26	70.00	98.2	1	60	60	246	67	493
Honeybee|Otp|Otp|PRD	TRINITY_DN22032_c0_g1_i1	3e-26	70.00	97.1	1	60	60	246	67	493
Fruitfly|pb|Hox2|ANTP	TRINITY_DN14921_c0_g2_i1	3e-35	100.00	 127	1	60	60	1959	1780	1990
Honeybee|Pb|Hox2|ANTP	TRINITY_DN14921_c0_g2_i1	3e-35	100.00	 127	1	60	60	1959	1780	1990
Fruitfly|pdm2|Pou2|POU	TRINITY_DN4650_c0_g5_i1	4e-25	76.67	98.6	1	60	60	1078	1257	1664
Fruitfly|pdm3|Pou6|POU	TRINITY_DN3601_c0_g1_i4	5e-36	100.00	 131	1	60	60	3549	3370	5481
Honeybee|Pdm3|Pou6|POU	TRINITY_DN3601_c0_g1_i2	2e-30	85.00	 115	1	60	60	3549	3370	5565
Beetle|Pdm3a|Pou6|POU	TRINITY_DN3601_c0_g1_i2	1e-17	62.07	78.6	3	60	60	3543	3370	5565
Beetle|Pdm3b|Pou6|POU	TRINITY_DN3601_c0_g1_i4	5e-36	100.00	 131	1	60	60	3549	3370	5481
Fruitfly|PHDP|Phox|PRD	TRINITY_DN22032_c0_g1_i1	1e-26	76.67	97.8	1	60	60	246	67	493
Beetle|Phox|Phox|PRD	TRINITY_DN22032_c0_g1_i1	4e-29	80.00	 104	1	60	60	246	67	493
Honeybee|Phox|Phox|PRD	TRINITY_DN22032_c0_g1_i1	4e-29	80.00	 104	1	60	60	246	67	493
Beetle|Pknox|Pknox|TALE	TRINITY_DN416_c0_g1_i5	8e-32	88.33	 117	4	63	63	572	751	1706
Honeybee|Pknox|Pknox|TALE	TRINITY_DN416_c0_g1_i20	1e-29	81.67	 110	4	63	63	194	373	1328
Fruitfly|Pph13|Arx|PRD	TRINITY_DN22032_c0_g1_i1	7e-31	81.67	 108	1	60	60	246	67	493
Beetle|Pph13|Arx|PRD	TRINITY_DN22032_c0_g1_i1	2e-31	81.67	 110	1	60	60	246	67	493
Honeybee|Pph13|Arx|PRD	TRINITY_DN22032_c0_g1_i1	2e-32	85.00	 113	1	60	60	246	67	493
Fruitfly|prd|Pax3/7|PRD	TRINITY_DN14497_c0_g1_i1	2e-27	83.05	 103	1	59	60	235	411	1341
Beetle|Prd|Pax3/7|PRD	TRINITY_DN14497_c0_g1_i1	8e-28	84.75	 104	1	59	60	235	411	1341
Honeybee|Prd|Pax3/7|PRD	TRINITY_DN14497_c0_g1_i1	3e-28	86.44	 105	1	59	60	235	411	1341
Beetle|Prop|Prop|PRD	TRINITY_DN22032_c0_g1_i1	7e-19	70.00	77.8	1	60	60	246	67	493
Honeybee|Prop|Prop|PRD	TRINITY_DN22032_c0_g1_i1	7e-24	70.00	90.9	1	60	60	246	67	493
Fruitfly|pros|Prox|PROS	TRINITY_DN7592_c0_g1_i1	9e-35	96.77	 127	2	63	63	795	610	3244
Beetle|Pros|Prox|PROS	TRINITY_DN7592_c0_g1_i1	2e-47	92.68	 164	2	83	83	795	550	3244
Honeybee|Pros|Prox|PROS	TRINITY_DN7592_c0_g1_i1	2e-43	86.08	 152	5	83	83	786	550	3244
Beetle|Prrx|Prrx|PRD	TRINITY_DN8757_c0_g1_i1	8e-24	72.88	92.8	2	60	60	55	231	955
Honeybee|Prrx|Prrx|PRD	TRINITY_DN24613_c0_g1_i1	6e-23	71.19	86.7	2	60	60	236	60	294
Beetle|ptl|Hox6-8|ANTP	TRINITY_DN10108_c0_g1_i3	9e-34	100.00	 124	1	60	60	972	1151	4100
Fruitfly|Ptx1|Pitx|PRD	TRINITY_DN4855_c0_g1_i5	1e-33	96.67	 124	1	60	60	3524	3345	4401
Beetle|Ptx1|Pitx|PRD	TRINITY_DN4855_c0_g1_i4	2e-35	100.00	 129	1	60	60	3523	3344	4167
Honeybee|Ptx1|Pitx|PRD	TRINITY_DN4855_c0_g1_i4	4e-27	84.75	 105	1	59	60	3523	3347	4167
Fruitfly|repo|Repo|PRD	TRINITY_DN24613_c0_g1_i1	7e-27	74.58	97.1	2	60	60	236	60	294
Beetle|Repo|Repo|PRD	TRINITY_DN24613_c0_g1_i1	7e-19	74.58	76.3	2	60	60	236	60	294
Honeybee|Repo|Repo|PRD	TRINITY_DN24613_c0_g1_i1	9e-18	76.27	73.6	2	60	60	236	60	294
Fruitfly|ro|Ro|ANTP	TRINITY_DN15820_c0_g1_i3	5e-23	73.68	91.3	4	60	60	1073	903	1182
Beetle|Ro|Ro|ANTP	TRINITY_DN15820_c0_g1_i3	3e-26	80.70	 100	4	60	60	1073	903	1182
Honeybee|Ro|Ro|ANTP	TRINITY_DN15820_c0_g1_i3	1e-24	77.19	95.9	4	60	60	1073	903	1182
Fruitfly|Rx|Rax|PRD	TRINITY_DN24613_c0_g1_i1	7e-29	77.97	 102	2	60	60	236	60	294
Beetle|Rx|Rax|PRD	TRINITY_DN24613_c0_g1_i1	7e-29	77.97	 102	2	60	60	236	60	294
Honeybee|Rx|Rax|PRD	TRINITY_DN24613_c0_g1_i1	7e-29	77.97	 102	2	60	60	236	60	294
Fruitfly|Scr|Hox5|ANTP	TRINITY_DN10108_c0_g1_i3	4e-29	93.22	 111	2	60	60	975	1151	4100
Honeybee|Scr|Hox5|ANTP	TRINITY_DN10108_c0_g1_i3	2e-29	93.22	 112	2	60	60	975	1151	4100
Fruitfly|scro|Nk2.1|ANTP	TRINITY_DN3638_c0_g1_i2	6e-28	87.93	 107	1	58	60	1710	1883	3322
Beetle|Scro|Nk2.1|ANTP	TRINITY_DN3638_c0_g1_i2	1e-27	86.21	 107	1	58	60	1710	1883	3322
Honeybee|Scro|Nk2.1|ANTP	TRINITY_DN3638_c0_g1_i2	1e-25	81.03	 101	1	58	60	1710	1883	3322
Beetle|Shox|Shox|PRD	TRINITY_DN24613_c0_g1_i1	7e-24	76.27	89.4	2	60	60	236	60	294
Honeybee|Shox|Shox|PRD	TRINITY_DN24613_c0_g1_i1	2e-23	76.27	88.2	2	60	60	236	60	294
Fruitfly|Six4|Six4/5|SINE	TRINITY_DN5467_c0_g2_i3	9e-23	91.67	92.4	1	60	60	941	762	1956
Beetle|Six4|Six4/5|SINE	TRINITY_DN5467_c0_g2_i3	2e-32	91.67	 119	1	60	60	941	762	1956
Honeybee|Six4|Six4/5|SINE	TRINITY_DN5467_c0_g2_i3	1e-26	78.33	 103	1	60	60	941	762	1956
Fruitfly|slou|Nk1|ANTP	TRINITY_DN33472_c0_g1_i1	5e-18	63.79	76.6	2	59	60	634	461	840
Beetle|Slou|Nk1|ANTP	TRINITY_DN33472_c0_g1_i1	1e-17	62.07	75.1	2	59	60	634	461	840
Honeybee|Slou|Nk1|ANTP	TRINITY_DN33472_c0_g1_i1	1e-17	62.07	75.1	2	59	60	634	461	840
Fruitfly|so|Six1/2|SINE	TRINITY_DN5588_c0_g1_i2	1e-31	91.67	 118	1	60	60	1555	1376	3011
Beetle|So|Six1/2|SINE	TRINITY_DN5588_c0_g1_i2	1e-31	91.67	 118	1	60	60	1555	1376	3011
Honeybee|So|Six1/2|SINE	TRINITY_DN5588_c0_g1_i2	2e-31	91.67	 117	1	60	60	1555	1376	3011
Honeybee|Tgif|Tgif|TALE	TRINITY_DN2481_c0_g2_i3	4e-37	92.06	 131	1	63	63	743	931	1568
Beetle|Tgif1|Tgif|TALE	TRINITY_DN2481_c0_g2_i3	4e-37	95.16	 131	2	63	63	746	931	1568
Beetle|Tgif2|Tgif|TALE	TRINITY_DN2481_c0_g2_i4	2e-26	75.41	 102	3	63	63	749	931	1604
Fruitfly|tin|Nk4|ANTP	TRINITY_DN3638_c0_g1_i1	6e-18	62.71	79.0	1	59	60	837	1013	2449
Beetle|Tin|Nk4|ANTP	TRINITY_DN3638_c0_g1_i2	1e-23	77.59	95.5	1	58	60	1710	1883	3322
Honeybee|Tin|Nk4|ANTP	TRINITY_DN3638_c0_g1_i2	5e-22	76.27	90.9	1	59	60	1710	1886	3322
Fruitfly|toe|Pax4/6|PRD	TRINITY_DN24613_c0_g1_i1	1e-20	70.18	80.9	2	58	60	236	66	294
Fruitfly|toy|Pax4/6|PRD	TRINITY_DN30341_c0_g1_i1	3e-26	97.83	95.1	15	60	60	3	140	270
Beetle|Toy|Pax4/6|PRD	TRINITY_DN30341_c0_g1_i1	1e-26	100.00	95.9	15	60	60	3	140	270
Honeybee|Toy|Pax4/6|PRD	TRINITY_DN30341_c0_g1_i1	1e-26	100.00	95.9	15	60	60	3	140	270
Fruitfly|tup|Vsx|PRD	TRINITY_DN22032_c0_g1_i1	1e-21	66.67	84.7	1	60	60	246	67	493
Beetle|Tup|Isl|LIM	TRINITY_DN12884_c0_g1_i1	9e-36	100.00	 127	1	60	60	753	574	1765
Honeybee|Tup|Isl|LIM	TRINITY_DN12884_c0_g1_i1	9e-36	100.00	 127	1	60	60	753	574	1765
Fruitfly|Ubx|Hox6-8|ANTP	TRINITY_DN10220_c0_g4_i1	1e-26	100.00	96.7	14	60	60	98	238	338
Honeybee|Ubx|Hox6-8|ANTP	TRINITY_DN10220_c0_g4_i1	3e-26	97.87	95.9	14	60	60	98	238	338
Fruitfly|unc-4|Uncx|PRD	TRINITY_DN19399_c0_g1_i1	3e-31	93.33	 117	1	60	60	2892	2713	3399
Beetle|Unc4|Uncx|PRD	TRINITY_DN19399_c0_g1_i1	7e-35	100.00	 127	1	60	60	2892	2713	3399
Honeybee|Unc4|Uncx|PRD	TRINITY_DN19399_c0_g1_i1	5e-33	95.00	 122	1	60	60	2892	2713	3399
Fruitfly|unpg|Gbx|ANTP	TRINITY_DN6705_c0_g2_i1	1e-16	60.00	74.7	1	60	60	206	385	1356
Beetle|Unpg|Gbx|ANTP	TRINITY_DN6705_c0_g2_i1	2e-16	61.02	73.6	2	60	60	209	385	1356
Honeybee|Unpg|Gbx|ANTP	TRINITY_DN2530_c0_g1_i2	4e-16	57.89	73.6	2	58	60	903	1073	2311
Beetle|Utx|Hox6-8|ANTP	TRINITY_DN10220_c0_g4_i1	1e-26	100.00	96.7	14	60	60	98	238	338
Fruitfly|vis|Tgif|TALE	TRINITY_DN2481_c0_g2_i3	4e-36	92.06	 128	1	63	63	743	931	1568
Fruitfly|vnd|Nk2.2|ANTP	TRINITY_DN3638_c0_g1_i1	2e-32	98.31	 120	1	59	60	837	1013	2449
Beetle|Vnd|Nk2.2|ANTP	TRINITY_DN3638_c0_g1_i1	2e-32	98.31	 120	1	59	60	837	1013	2449
Honeybee|Vnd|Nk2.2|ANTP	TRINITY_DN3638_c0_g1_i1	2e-31	94.92	 117	1	59	60	837	1013	2449
Beetle|Vsx|Vsx|PRD	TRINITY_DN22032_c0_g1_i1	2e-24	71.67	92.4	1	60	60	246	67	493
Honeybee|Vsx|Vsx|PRD	TRINITY_DN8757_c0_g1_i1	9e-23	68.33	89.7	1	60	60	52	231	955
Fruitfly|Vsx1|Vsx|PRD	TRINITY_DN22032_c0_g1_i1	8e-23	75.00	88.2	5	60	60	234	67	493
Fruitfly|Vsx2|Vsx|PRD	TRINITY_DN22032_c0_g1_i1	1e-21	66.67	84.7	1	60	60	246	67	493
Fruitfly|vvl|Pou3|POU	TRINITY_DN4650_c0_g2_i1	1e-33	96.67	 121	1	60	60	920	1099	1506
Beetle|Vvl|Pou3|POU	TRINITY_DN4650_c0_g2_i1	7e-33	95.00	 119	1	60	60	920	1099	1506
Honeybee|Vvl|Pou3|POU	TRINITY_DN4650_c0_g2_i1	5e-33	95.00	 119	1	60	60	920	1099	1506
Fruitfly|zen|Hox3|ANTP	TRINITY_DN2530_c0_g1_i2	9e-23	74.14	92.8	2	59	60	903	1076	2311
Honeybee|Zen|Hox3|ANTP	TRINITY_DN2530_c0_g1_i2	4e-25	79.66	99.4	1	59	60	900	1076	2311
Beetle|zen1|Hox3|ANTP	TRINITY_DN2530_c0_g1_i1	3e-24	76.27	96.7	2	60	60	632	808	2040
Fruitfly|zen2|Hox3|ANTP	TRINITY_DN2530_c0_g1_i1	2e-21	67.24	88.6	1	58	60	629	802	2040
Beetle|zen2|Hox3|ANTP	TRINITY_DN2530_c0_g1_i2	1e-25	79.31	 100	2	59	60	903	1076	2311
Fruitfly|zfh1|Zfhx|ZF	TRINITY_DN3107_c0_g1_i1	7e-20	66.10	85.1	1	59	60	1939	2115	5868
Beetle|Zfh1|Zeb|ZF	TRINITY_DN3107_c0_g1_i1	8e-17	62.07	76.3	1	58	60	1939	2112	5868
Honeybee|zfh1-l|unassigned|Other	TRINITY_DN3107_c0_g1_i1	2e-14	55.17	69.7	1	58	59	1939	2112	5868
Fruitfly|zfh2|HD1|Zfhx|ZF	TRINITY_DN7605_c0_g1_i1	2e-28	81.36	 109	2	60	60	5798	5974	10849
Fruitfly|zfh2|HD2|Zfhx|ZF	TRINITY_DN7605_c0_g1_i1	2e-19	91.67	84.0	1	60	60	6575	6754	10849
Fruitfly|zfh2|HD3|Zfhx|ZF	TRINITY_DN7605_c0_g1_i1	2e-23	71.67	95.5	1	60	60	7433	7612	10849
Beetle|Zfh2|HD1|Zfhx|ZF	TRINITY_DN7605_c0_g1_i1	4e-29	89.83	 112	2	60	60	5798	5974	10849
Beetle|Zfh2|HD2|Zfhx|ZF	TRINITY_DN7605_c0_g1_i1	2e-32	98.33	 121	1	60	60	6575	6754	10849
Beetle|Zfh2|HD3|Zfhx|ZF	TRINITY_DN7605_c0_g1_i1	2e-34	100.00	 126	1	60	60	7433	7612	10849
Beetle|Zfh2|HD4|Zfhx|ZF	TRINITY_DN7605_c0_g1_i1	1e-30	88.14	 116	2	60	60	8177	8353	10849
Honeybee|Zfh2|HD1|Zfhx|ZF	TRINITY_DN7605_c0_g1_i1	6e-28	86.44	 108	2	60	60	5798	5974	10849
Honeybee|Zfh2|HD2|Zfhx|ZF	TRINITY_DN7605_c0_g1_i1	6e-34	100.00	 125	1	60	60	6575	6754	10849
Honeybee|Zfh2|HD3|Zfhx|ZF	TRINITY_DN7605_c0_g1_i1	2e-33	96.67	 124	1	60	60	7433	7612	10849
Polygonia_c-album|ShxC	TRINITY_DN149_c0_g1_i1	1e-15	60.34	72.8	2	59	60	5120	4947	5467
Pararge_aegeria|ShxC	TRINITY_DN2530_c0_g1_i2	2e-15	56.67	71.6	1	60	60	900	1079	2311
Callimorpha_dominula|ShxC	TRINITY_DN149_c0_g1_i1	2e-16	60.34	75.1	3	60	60	375	548	5467
Plutella_xylostella|ShxC	TRINITY_DN149_c0_g1_i1	2e-18	68.97	80.9	2	59	60	5120	4947	5467
Cameraria_ohridella|ShxC	TRINITY_DN149_c0_g1_i1	2e-14	53.33	69.3	1	60	60	5123	4944	5467
Polygonia_c-album|ShxA	TRINITY_DN20160_c0_g1_i1	2e-19	68.75	79.3	1	48	60	144	1	531
Pararge_aegeria|ShxA	TRINITY_DN20160_c0_g1_i1	8e-20	72.92	80.5	1	48	60	144	1	531
Callimorpha_dominula|ShxA	TRINITY_DN20160_c0_g1_i1	5e-21	77.08	83.6	1	48	60	144	1	531
Cameraria_ohridella|ShxA	TRINITY_DN2530_c0_g1_i2	8e-21	71.19	87.0	1	59	60	900	1076	2311
Polygonia_c-album|ShxB	TRINITY_DN149_c0_g1_i1	2e-19	65.52	83.6	2	59	60	5120	4947	5467
Pararge_aegeria|ShxB	TRINITY_DN149_c0_g1_i1	3e-18	64.41	80.1	2	60	60	5120	4944	5467
Callimorpha_dominula|ShxB	TRINITY_DN149_c0_g1_i1	2e-18	67.24	80.9	2	59	60	5120	4947	5467
Plutella_xylostella|ShxB	TRINITY_DN149_c0_g1_i1	5e-14	55.17	68.2	3	60	60	375	548	5467
Cameraria_ohridella|ShxB	TRINITY_DN149_c0_g1_i1	4e-16	58.62	74.3	2	59	60	5120	4947	5467
Polygonia_c-album|ShxD	TRINITY_DN5380_c0_g1_i4	7e-16	60.38	72.4	1	53	60	874	1032	1486
Pararge_aegeria|ShxD	TRINITY_DN5380_c0_g1_i4	7e-15	58.49	69.7	1	53	60	874	1032	1486
Callimorpha_dominula|ShxD	TRINITY_DN5380_c0_g1_i4	3e-15	52.63	70.9	1	57	58	880	1050	1486
Plutella_xylostella|ShxD	TRINITY_DN5380_c0_g1_i4	5e-15	50.85	70.1	1	59	60	874	1050	1486
Cameraria_ohridella|ShxD	TRINITY_DN5380_c0_g1_i3	6e-16	60.34	72.4	1	58	60	777	950	1389
